,metric,NCE average,KCE average,p-value
0,2-norm,8.318797083333333,4.942153083333333,4.151863990164793e-37
1,Pearson Coefficient,0.2957333199518909,0.6187594901409816,2.3511908627404087e-32
2,cross correlation,0.34409164303822504,0.7121489135586749,5.4618443373265595e-61
3,Bhattacharyya distance,0.6936926890494667,0.5055288470577334,2.486460028707847e-33
4,fft,0.20455752624851,0.4971999675143542,2.1421332720582237e-30
